"RegionID","RegionName","SizeRank","Index","HistoricAverage_1985thru1999","X2018.03","X2018.06","X2018.09","X2018.12","lat","long","category"
394913,"New York, NY",1,"Rent Affordability",0.263953168250474,0.369574579248956,0.365094071193051,0.361297816759826,0.364065304093657,40.7127753,-74.0059728,"Top 10"
753899,"Los Angeles-Long Beach-Anaheim, CA",2,"Rent Affordability",0.363006464968658,0.458153572340368,0.45599793543752,0.452068073032924,0.457333414000173,34.0522166,-118.2436619,"Top 10"
394463,"Chicago, IL",3,"Rent Affordability",0.252812665139418,0.281037323772385,0.278819565783982,0.276464796421951,0.280691064413234,41.8781136,-87.6297982,"Top 10"
394514,"Dallas-Fort Worth, TX",4,"Rent Affordability",0.217046172259687,0.27737838774822,0.275456836410882,0.273559363749881,0.277313656942738,32.7078751,-96.9209135,"Top 10"
394974,"Philadelphia, PA",5,"Rent Affordability",0.213934225946473,0.269543954441399,0.267114743715856,0.264725907683813,0.267070723179118,39.9525839,-75.1652215,"Top 10"
394692,"Houston, TX",6,"Rent Affordability",0.24341997180109,0.286717188538447,0.284909456933218,0.282941598935372,0.285539265187408,29.7604267,-95.3698028,"Top 10"
395209,"Washington, DC",7,"Rent Affordability",0.177702406236709,0.251597656050547,0.250011350614997,0.248561454328591,0.249793147144099,38.9071923,-77.0368707,"Top 10"
394856,"Miami-Fort Lauderdale, FL",8,"Rent Affordability",0.285234854212776,0.403786280463055,0.399950274333776,0.396376016424628,0.402189638844035,26.3013917,-80.6326916,"Top 10"
394347,"Atlanta, GA",9,"Rent Affordability",0.19247971453058,0.250148787906129,0.249107717303838,0.247546951275543,0.251652809062718,33.7489954,-84.3879824,"Top 10"
394404,"Boston, MA",10,"Rent Affordability",0.263983513229657,0.320284624324225,0.320038547943135,0.317916195300051,0.317693695142474,42.3600825,-71.0588801,"Top 10"
395057,"San Francisco, CA",11,"Rent Affordability",0.30669740557017,0.387556722460901,0.385038164393348,0.381997458962877,0.382795562148353,37.7749295,-122.4194155,"Top 50"
394532,"Detroit, MI",12,"Rent Affordability",0.19994591292416,0.240878879489435,0.238325599633012,0.236403730511641,0.239624601199702,42.331427,-83.0457538,"Top 50"
395025,"Riverside, CA",13,"Rent Affordability",0.326563343092146,0.35355137051573,0.354097004691306,0.351671021300491,0.358469878569305,33.9806005,-117.3754942,"Top 50"
394976,"Phoenix, AZ",14,"Rent Affordability",0.226699909226776,0.257535184655299,0.25737070040821,0.253654655917629,0.261874941905465,33.4483771,-112.0740373,"Top 50"
395078,"Seattle, WA",15,"Rent Affordability",0.238216315608231,0.311934654822635,0.308177021127291,0.304759750713448,0.308505742925312,47.6062095,-122.3320708,"Top 50"
394865,"Minneapolis-St Paul, MN",16,"Rent Affordability",0.212572738210773,0.250358895413454,0.249296404640377,0.247644534418515,0.251870346383525,44.9374831,-93.2009998,"Top 50"
395056,"San Diego, CA",17,"Rent Affordability",0.346460155280064,0.387131430355396,0.384503818080152,0.381467332464459,0.388160090223754,32.715738,-117.1610838,"Top 50"
395121,"St. Louis, MO",18,"Rent Affordability",0.21202552386572,0.216991059769918,0.215789129791689,0.214228416633698,0.214557458147683,38.6270025,-90.1994042,"Top 50"
395148,"Tampa, FL",19,"Rent Affordability",0.276683842257026,0.310483405752307,0.312121178172295,0.310388907325051,0.3144478942862,27.950575,-82.4571776,"Top 50"
394358,"Baltimore, MD",20,"Rent Affordability",0.269451842126948,0.26622216921767,0.26530603091248,0.263643775545077,0.26305625188088,39.2903848,-76.6121893,"Top 50"
394530,"Denver, CO",21,"Rent Affordability",0.234870946746201,0.311629955551179,0.310814725726684,0.308660573758821,0.311457935420619,39.7392358,-104.990251,"Top 50"
394982,"Pittsburgh, PA",22,"Rent Affordability",0.284128399045233,0.21268319693658,0.215278124737298,0.21408103899035,0.214469153701235,40.4406248,-79.9958864,"Top 50"
394998,"Portland, OR",23,"Rent Affordability",0.234111771395015,0.298265998647206,0.294927456423883,0.292279460768711,0.293786285072864,45.5122308,-122.6587185,"Top 50"
394458,"Charlotte, NC",24,"Rent Affordability",0.192971807880997,0.248078427081572,0.246705110685532,0.245159398011785,0.249285670119372,35.2270869,-80.8431267,"Top 50"
395045,"Sacramento, CA",25,"Rent Affordability",0.31804703820818,0.318688554012072,0.316323516696109,0.313825461376012,0.318635152256749,38.5815719,-121.4943996,"Top 50"
395055,"San Antonio, TX",26,"Rent Affordability",0.260608436928071,0.279077551736493,0.276695733228614,0.274137642408959,0.276732285775195,29.4241219,-98.4936282,"Top 50"
394943,"Orlando, FL",27,"Rent Affordability",0.225817081305716,0.307545083347308,0.307518727565788,0.306014371746387,0.313973128273029,28.5383355,-81.3792365,"Top 50"
394466,"Cincinnati, OH",28,"Rent Affordability",0.190692102573208,0.243133795960289,0.241362499133892,0.239992693944632,0.241814510536831,39.1031182,-84.5120196,"Top 50"
394475,"Cleveland, OH",29,"Rent Affordability",0.228608380942476,0.25805340407528,0.255948897208356,0.254097725131097,0.255371229463532,41.49932,-81.6943605,"Top 50"
394735,"Kansas City, MO",30,"Rent Affordability",0.174733632185458,0.236373215009465,0.233727347374304,0.231853466163197,0.234195054846157,39.0997265,-94.5785667,"Top 50"
394775,"Las Vegas, NV",31,"Rent Affordability",0.239160956623666,0.265478477756033,0.264582670065149,0.262694518627149,0.271221460690258,36.1699412,-115.1398296,"Top 50"
394492,"Columbus, OH",32,"Rent Affordability",0.219176700102185,0.241911495469821,0.243431323532515,0.241851712598059,0.242631235868225,39.9611755,-82.9987942,"Top 50"
394705,"Indianapolis, IN",33,"Rent Affordability",0.217616043613667,0.237313161080816,0.234994817303571,0.233100134509912,0.23665520330772,39.768403,-86.158068,"Top 50"
395059,"San Jose, CA",34,"Rent Affordability",0.261708347889413,0.345991367345451,0.343139203145785,0.340429380237563,0.34133366931324,37.3382082,-121.8863286,"Top 50"
394355,"Austin, TX",35,"Rent Affordability",0.230741970011691,0.266633240389924,0.26590121893857,0.264549613089672,0.264620733839029,30.267153,-97.7430608,"Top 50"
395194,"Virginia Beach, VA",36,"Rent Affordability",0.251182481880317,0.256968232321606,0.256440074616744,0.254833368244549,0.257919780927286,36.8529263,-75.977985,"Top 50"
394902,"Nashville, TN",37,"Rent Affordability",0.20833123537369,0.272927572072493,0.271571308270271,0.270050918939697,0.27124935682187,36.1626638,-86.7816016,"Top 50"
395005,"Providence, RI",38,"Rent Affordability",0.313306967284124,0.295371295565577,0.295552369684676,0.292920643912351,0.294338082793906,41.8239891,-71.4128343,"Top 50"
394862,"Milwaukee, WI",39,"Rent Affordability",0.192472298909596,0.266452194492556,0.260763284169373,0.256919067034354,0.259545796648731,43.0389025,-87.9064736,"Top 50"
394714,"Jacksonville, FL",40,"Rent Affordability",0.240031828257995,0.265638277326942,0.267360402554108,0.266082413603469,0.271134982194533,30.3321838,-81.655651,"Top 50"
394849,"Memphis, TN",41,"Rent Affordability",0.206371997909942,0.252105329617718,0.25189861536935,0.250549384550361,0.253313672549925,35.1495343,-90.0489801,"Top 50"
394935,"Oklahoma City, OK",42,"Rent Affordability",0.205708392104973,0.227684351575541,0.226456195302461,0.224831272554469,0.224250559852672,35.4675602,-97.5164276,"Top 50"
394807,"Louisville-Jefferson County, KY",43,"Rent Affordability",0.198650622447946,0.242663708474314,0.24215289295406,0.240838257169333,0.239942580543181,38.2526647,-85.7584557,"Top 50"
394669,"Hartford, CT",44,"Rent Affordability",0.273672459346371,0.264757428193231,0.259238491462988,0.255447718590931,0.259509587457516,41.7658043,-72.6733723,"Top 50"
395022,"Richmond, VA",45,"Rent Affordability",0.232638122863481,0.240680455755162,0.23933516606843,0.238006734008304,0.240265672085334,37.5407246,-77.4360481,"Top 50"
394910,"New Orleans, LA",46,"Rent Affordability",0.226794411457017,0.324260526068573,0.319881187197591,0.315788752179758,0.321662318777043,29.9510658,-90.0715323,"Top 50"
394425,"Buffalo, NY",47,"Rent Affordability",0.34846037156064,0.25125038203272,0.250818449498607,0.248734085652358,0.251004651318891,42.8864468,-78.8783689,"Top 50"
395012,"Raleigh, NC",48,"Rent Affordability",0.189235090505798,0.23256880067345,0.231585948798311,0.230295113710451,0.230452725082786,35.7795897,-78.6381787,"Top 50"
394388,"Birmingham, AL",49,"Rent Affordability",0.191634495877745,0.234207019704186,0.23228706507571,0.230611428359344,0.237055507343833,33.5185892,-86.8103567,"Top 50"
395053,"Salt Lake City, UT",50,"Rent Affordability",0.213294156639808,0.259421044740853,0.257518727037341,0.255807848087178,0.256845962451697,40.7607793,-111.8910474,"Top 50"
395031,"Rochester, NY",51,"Rent Affordability",0.260675993875557,0.281862146187165,0.276849915967569,0.273942708922418,0.279103642484129,43.1565779,-77.6088465,"Top 100"
394640,"Grand Rapids, MI",52,"Rent Affordability",0.257349804017435,0.256781299166441,0.255290756342211,0.253066914176595,0.254434848839671,42.9633599,-85.6680863,"Top 100"
395167,"Tucson, AZ",53,"Rent Affordability",0.282387514917696,0.270293013030935,0.269944108420111,0.268035867914054,0.271258883263483,32.2226066,-110.9747108,"Top 100"
753924,"Urban Honolulu, HI",54,"Rent Affordability",0.28826481318988,0.344279548268464,0.33951299868963,0.335970350038088,0.339605821980079,21.2765323,-157.8257313,"Top 100"
395169,"Tulsa, OK",55,"Rent Affordability",0.203809513753432,0.225666753594637,0.222897130211523,0.221500584683333,0.225884931793902,36.1539816,-95.992775,"Top 100"
394619,"Fresno, CA",56,"Rent Affordability",0.42869672447476,0.299203875866184,0.299060686777724,0.296921038731663,0.297238660156992,36.7377981,-119.7871247,"Top 100"
395238,"Worcester, MA",57,"Rent Affordability",0.304155088971806,0.270877020380116,0.267765072684465,0.265539878174622,0.267823366967342,42.2625932,-71.8022934,"Top 100"
394312,"Albuquerque, NM",59,"Rent Affordability",0.249519801134968,0.278482033983197,0.276496110957839,0.274312578768456,0.277161253556246,35.0843859,-106.650422,"Top 100"
394308,"Albany, NY",60,"Rent Affordability",0.327391044202767,0.261075468204449,0.259559684133562,0.257402678448241,0.254950766665377,42.6525793,-73.7562317,"Top 100"
394938,"Omaha, NE",61,"Rent Affordability",0.215005075641141,0.230627324278344,0.2284171703181,0.226589744728052,0.228270957820022,41.2565369,-95.9345034,"Top 100"
394908,"New Haven, CT",62,"Rent Affordability",0.278673945712008,0.280569476039823,0.278218335179154,0.275906271451903,0.279454282892131,41.308274,-72.9278835,"Top 100"
394357,"Bakersfield, CA",63,"Rent Affordability",0.366193785728927,0.301891792811893,0.302345537902444,0.300194056122714,0.30206001324586,35.3732921,-119.0187125,"Top 100"
394753,"Knoxville, TN",64,"Rent Affordability",0.233023273457472,0.259253965135424,0.258071351049545,0.25622985798962,0.257312478184003,35.9606384,-83.9207392,"Top 100"
394653,"Greenville, SC",65,"Rent Affordability",0.233146628589749,0.285390125854552,0.284050389748108,0.282270692983026,0.281194015660323,34.8526176,-82.3940104,"Top 100"
394318,"Allentown, PA",67,"Rent Affordability",0.23193066958801,0.265504417864815,0.263279520508406,0.260728974830351,0.263255410662206,40.6022939,-75.4714098,"Top 100"
394561,"El Paso, TX",68,"Rent Affordability",0.338709519841698,0.263265825056136,0.258163769052481,0.255756889883018,0.259132676287509,31.7618778,-106.4850217,"Top 100"
394367,"Baton Rouge, LA",69,"Rent Affordability",0.244085324928309,0.277235807904295,0.27324480139391,0.271127533400485,0.26621738524857,30.4514677,-91.1871466,"Top 100"
394521,"Dayton, OH",70,"Rent Affordability",0.194511768529237,0.215663009023092,0.210542135125236,0.209019371300577,0.214734608819761,39.7589478,-84.1916069,"Top 100"
394843,"McAllen, TX",71,"Rent Affordability",0.456902398726118,0.309235699889546,0.304434883532264,0.299064615779097,0.309090615954877,26.2034071,-98.2300124,"Top 100"
394486,"Columbia, SC",72,"Rent Affordability",0.209560672921728,0.240075019555601,0.237480922570588,0.235993003367089,0.241352325994244,34.0007104,-81.0348144,"Top 100"
394648,"Greensboro, NC",73,"Rent Affordability",0.208818398013772,0.221832160896011,0.217886498781352,0.216061152846031,0.230265045247719,36.0726354,-79.7919754,"Top 100"
394304,"Akron, OH",74,"Rent Affordability",0.254667806737536,0.227370158755779,0.225093611783894,0.223465603171829,0.224713182086873,41.0814447,-81.5190053,"Top 100"
753906,"North Port-Sarasota-Bradenton, FL",75,"Rent Affordability",0.356788322772733,0.372318619588497,0.37058813839648,0.367653149891736,0.364957803123554,27.044224,-82.2359254,"Top 100"
394798,"Little Rock, AR",76,"Rent Affordability",0.164178202440171,0.221268388487526,0.219432679070316,0.217401039082904,0.219310966013501,34.7464809,-92.2895948,"Top 100"
395134,"Stockton, CA",77,"Rent Affordability",0.315245136324409,0.314523353345294,0.312398867634147,0.310119871285726,0.314220711705512,37.9577016,-121.2907796,"Top 100"
394457,"Charleston, SC",78,"Rent Affordability",0.21423160722919,0.311225276589618,0.308875718245886,0.306748041043697,0.311149052301345,32.7764749,-79.9310512,"Top 100"
395143,"Syracuse, NY",79,"Rent Affordability",0.360972843161735,0.267141796590868,0.265316766283891,0.263111917810617,0.268061900487474,43.0481221,-76.1474244,"Top 100"
394484,"Colorado Springs, CO",80,"Rent Affordability",0.25025375568363,0.270561811467363,0.272493765563777,0.270694307055383,0.270321866549152,38.8338816,-104.8213634,"Top 100"
395235,"Winston-Salem, NC",81,"Rent Affordability",0.221865254514886,0.248449273625272,0.247121352642522,0.245573032035496,0.255822177363558,36.0998596,-80.244216,"Top 100"
395224,"Wichita, KS",82,"Rent Affordability",0.199291965180259,0.203697013791708,0.20092367502461,0.199043802709046,0.202062454484351,37.6871761,-97.330053,"Top 100"
395115,"Springfield, MA",83,"Rent Affordability",0.38022496163981,0.331193181863881,0.338164413372568,0.335984547795769,0.336758072619056,42.1014831,-72.589811,"Top 100"
394399,"Boise City, ID",85,"Rent Affordability",0.170049715833546,0.268358947204442,0.266011685625062,0.26370149741498,0.27264935978347,43.6150186,-116.2023137,"Top 100"
395160,"Toledo, OH",86,"Rent Affordability",0.218851199046036,0.230845045215587,0.22685083057485,0.223603108866557,0.223820881228875,41.6528052,-83.5378674,"Top 100"
394816,"Madison, WI",87,"Rent Affordability",0.218818322239753,0.235630510543453,0.233098846291687,0.230603802992172,0.232321887100235,43.0730517,-89.4012302,"Top 100"
394766,"Lakeland, FL",88,"Rent Affordability",0.260004506875716,0.297771650544305,0.297821870987995,0.296434783048932,0.298634302574146,28.0394654,-81.9498042,"Top 100"
394931,"Ogden, UT",89,"Rent Affordability",0.205092092613322,0.234984661725289,0.23343930471782,0.231757077141521,0.237141860018586,41.223,-111.9738304,"Top 100"
394531,"Des Moines, IA",91,"Rent Affordability",0.214223176764129,0.220359033115162,0.219600882349953,0.218012600368739,0.219119314949336,41.5868353,-93.6249593,"Top 100"
394711,"Jackson, MS",92,"Rent Affordability",0.185830158785201,0.275202832556793,0.275246349847358,0.273742752605415,0.26962312573294,32.2987573,-90.1848103,"Top 100"
395245,"Youngstown, OH",93,"Rent Affordability",0.257816709372232,0.20835158163833,0.205796922530704,0.203279216999815,0.206162492210942,41.0997803,-80.6495194,"Top 100"
394352,"Augusta, GA",94,"Rent Affordability",0.243583989000842,0.221961532408959,0.221265254115004,0.219878932986127,0.21712104152454,33.4734978,-82.0105148,"Top 100"
395075,"Scranton, PA",95,"Rent Affordability",0.361450807308587,0.22805018916224,0.227057485647609,0.225625931347559,0.217669815739113,41.408969,-75.6624122,"Top 100"
394666,"Harrisburg, PA",96,"Rent Affordability",0.226600165972067,0.226971163576334,0.226493659006897,0.22425827759211,0.226087640672493,40.2731911,-76.8867008,"Top 100"
394460,"Chattanooga, TN",98,"Rent Affordability",0.241095621437101,0.279907725083067,0.277910365688081,0.275938034909018,0.275368254829034,35.0456297,-85.3096801,"Top 100"
395113,"Spokane, WA",99,"Rent Affordability",0.334728547857991,0.28542927899444,0.283157257706628,0.280921121419872,0.286474215930796,47.6587802,-117.4260465,"Top 100"
395006,"Provo, UT",100,"Rent Affordability",0.228790290880005,0.244837945231702,0.243889260929906,0.242128618436081,0.244333787064905,40.2338438,-111.6585337,"Top 100"
394768,"Lancaster, PA",101,"Rent Affordability",0.212282390855783,0.221593163871,0.220104305316969,0.218275183666136,0.22263021840952,40.0466571,-76.1783739,"Top 300"
394871,"Modesto, CA",102,"Rent Affordability",0.301249474028565,0.277891907117311,0.278581776930962,0.276573705704992,0.288307914375977,37.6390972,-120.9968782,"Top 300"
394549,"Durham, NC",104,"Rent Affordability",0.234749488948903,0.265398237672902,0.264292885198815,0.262260706879572,0.263245258321874,35.9940329,-78.898619,"Top 300"
395068,"Santa Rosa, CA",105,"Rent Affordability",0.308430429580278,0.401831500392729,0.410881015287919,0.40975565068027,0.400517019126041,38.440429,-122.7140548,"Top 300"
394792,"Lexington, KY",106,"Rent Affordability",0.198449669748159,0.237312803795861,0.23863348474909,0.237738188293387,0.237450149975533,38.0405837,-84.5037164,"Top 300"
394761,"Lafayette, LA",107,"Rent Affordability",0.314692939128142,0.290998875453413,0.287183571757914,0.282924035269711,0.282140389073907,30.2240897,-92.0198427,"Top 300"
394770,"Lansing, MI",108,"Rent Affordability",0.234355569307803,0.24399848206931,0.240360827769395,0.23800686273479,0.243631199328699,42.732535,-84.5555347,"Top 300"
394590,"Fayetteville, AR",109,"Rent Affordability",0.21167580525647,0.24114152546376,0.237744217162171,0.236254648305829,0.236637183761701,36.082156,-94.1718542,"Top 300"
394971,"Pensacola, FL",110,"Rent Affordability",0.251478117240722,0.252682367081846,0.255244880485584,0.255167101792207,0.25725024332892,30.421309,-87.2169149,"Top 300"
395195,"Visalia, CA",111,"Rent Affordability",0.45031042702235,0.303623986194718,0.301459825317443,0.299329845860818,0.301710397833715,36.3302284,-119.2920585,"Top 300"
395096,"Shreveport, LA",112,"Rent Affordability",0.258724971213615,0.311873541412203,0.307109643300986,0.305185470483645,0.311573418977336,32.5251516,-93.7501789,"Top 300"
395116,"Springfield, MO",113,"Rent Affordability",0.219224128427166,0.20297852941725,0.198838913421606,0.197160647187643,0.200513356384785,37.2089572,-93.2922989,"Top 300"
395244,"York, PA",114,"Rent Affordability",0.220836385509186,0.233075070015334,0.228001138441126,0.225378191197427,0.231464870764951,39.9625984,-76.727745,"Top 300"
394502,"Corpus Christi, TX",115,"Rent Affordability",0.276677373142149,0.310243477283138,0.310103540241239,0.308837389638321,0.308707950093978,27.8005828,-97.396381,"Top 300"
394596,"Flint, MI",116,"Rent Affordability",0.216078964973659,0.203210339118713,0.195655218787893,0.189717069875974,0.19534012075093,43.0125274,-83.6874562,"Top 300"
395019,"Reno, NV",117,"Rent Affordability",0.2769764396989,0.321194160383459,0.320152967114227,0.317812613628662,0.322781303842669,39.5296329,-119.8138027,"Top 300"
394338,"Asheville, NC",118,"Rent Affordability",0.25162470158432,0.327957277975563,0.327062638982964,0.325013452142934,0.328318883206057,35.5950581,-82.5514869,"Top 300"
394995,"Port St. Lucie, FL",119,"Rent Affordability",0.242544552494073,0.352328326710674,0.351240687454983,0.349040014835653,0.354704278218788,27.2730492,-80.3582261,"Top 300"
394698,"Huntsville, AL",121,"Rent Affordability",0.190510067406711,0.209641110008812,0.209081713980052,0.207961127857515,0.214006880967768,34.7303688,-86.5861037,"Top 300"
394612,"Fort Wayne, IN",122,"Rent Affordability",0.222870614401784,0.246043451219214,0.244250956750976,0.24248439101886,0.240962252060108,41.079273,-85.1393513,"Top 300"
395050,"Salinas, CA",123,"Rent Affordability",0.34676730275732,0.40027913267548,0.39773571003946,0.395073026786431,0.40447397867185,36.6777372,-121.6555013,"Top 300"
395183,"Vallejo, CA",124,"Rent Affordability",0.243671241721158,0.31885955498367,0.319777671837486,0.317997762252272,0.323049909598827,38.1040864,-122.2566367,"Top 300"
394870,"Mobile, AL",125,"Rent Affordability",0.2079194348405,0.237057790752597,0.234799169518909,0.23358111994356,0.238162545336039,30.6953657,-88.0398912,"Top 300"
395015,"Reading, PA",126,"Rent Affordability",0.227186399719461,0.239315966536016,0.237310525475658,0.234959753873268,0.237529765968901,40.3356483,-75.9268747,"Top 300"
394421,"Brownsville, TX",127,"Rent Affordability",0.393331009363855,0.295976210324114,0.298243540501746,0.297006847059349,0.289191608480154,25.9017472,-97.4974838,"Top 300"
394746,"Killeen, TX",128,"Rent Affordability",0.255880616776284,0.220278581637686,0.218231095594583,0.217300130405497,0.221150674884949,31.1171194,-97.7277959,"Top 300"
394439,"Canton, OH",129,"Rent Affordability",0.225568699549069,0.217892831811424,0.215846175195947,0.214285049452238,0.214330624785202,40.7989473,-81.378447,"Top 300"
394372,"Beaumont, TX",130,"Rent Affordability",0.294995506121305,0.283658029485773,0.282577208052898,0.28104113767736,0.279990069384909,30.080174,-94.1265562,"Top 300"
394820,"Manchester, NH",131,"Rent Affordability",0.241565991021336,0.264180744937432,0.262115278962775,0.259201503571326,0.265964761423708,42.9956397,-71.4547891,"Top 300"
395048,"Salem, OR",132,"Rent Affordability",0.233873819091177,0.315694116310891,0.311516435976975,0.308849892447625,0.314418449784847,44.9428975,-123.0350963,"Top 300"
394327,"Anchorage, AK",133,"Rent Affordability",0.256133386833798,0.269741128036376,0.268212341646144,0.266400964515194,0.265683139894801,61.2180556,-149.9002778,"Top 300"
394972,"Peoria, IL",135,"Rent Affordability",0.331074236601728,0.201164670498323,0.196227877560656,0.192578783221022,0.197636226748712,40.6936488,-89.5889864,"Top 300"
394898,"Myrtle Beach, SC",136,"Rent Affordability",0.234236536608986,0.310034429740462,0.302751262360248,0.300613713139886,0.307352624565086,33.6890603,-78.8866943,"Top 300"
394875,"Montgomery, AL",137,"Rent Affordability",0.177778492831213,0.222317703786326,0.223051606871275,0.221654093480967,0.219570981013911,32.3792233,-86.3077368,"Top 300"
394658,"Gulfport, MS",139,"Rent Affordability",0.178272438401449,0.249165409301339,0.250085328738071,0.250251135827268,0.255088633242092,30.3674198,-89.0928155,"Top 300"
395146,"Tallahassee, FL",140,"Rent Affordability",0.273619597272523,0.27623786828104,0.27564568965748,0.274147107844079,0.27675378992783,30.4382559,-84.2807329,"Top 300"
395164,"Trenton, NJ",141,"Rent Affordability",0.255744055134439,0.28620089814585,0.279533752058077,0.274437189547448,0.274057408131588,40.2205824,-74.759717,"Top 300"
394589,"Fayetteville, NC",142,"Rent Affordability",0.192439178260085,0.234400716386398,0.23503551522832,0.233825347788579,0.233412639092855,35.0526641,-78.8783585,"Top 300"
394679,"Hickory, NC",143,"Rent Affordability",0.238948544736458,0.227345805937589,0.227110245550438,0.225687303058856,0.234691797032343,35.7344538,-81.3444573,"Top 300"
394697,"Huntington, WV",144,"Rent Affordability",0.267200353252021,0.260719663590543,0.267263343015423,0.269947502988425,0.26740038982275,38.4192496,-82.445154,"Top 300"
394576,"Eugene, OR",145,"Rent Affordability",0.277906255819962,0.3232124457339,0.320639669879298,0.317880147156113,0.323285484888449,44.0520691,-123.0867536,"Top 300"
395033,"Rockford, IL",146,"Rent Affordability",0.302415468193769,0.224982473639195,0.217697091937729,0.215499747641336,0.2259072659247,42.2711311,-89.0939952,"Top 300"
395070,"Savannah, GA",147,"Rent Affordability",0.252677788748082,0.261998555659115,0.260140865639923,0.258715490408782,0.261169515557943,32.0808989,-81.091203,"Top 300"
394332,"Ann Arbor, MI",148,"Rent Affordability",0.250428834989948,0.305546586587685,0.307764250301925,0.305048150868116,0.301235544522908,42.2808256,-83.7430378,"Top 300"
394927,"Ocala, FL",149,"Rent Affordability",0.266200350516074,0.302730150065362,0.300821457869688,0.299198908375058,0.302287228098037,29.1871986,-82.1400923,"Top 300"
394732,"Kalamazoo, MI",150,"Rent Affordability",0.281588672904882,0.256200191532878,0.253063092736802,0.251653265777665,0.259238947224393,42.2917069,-85.5872286,"Top 300"
395107,"South Bend, IN",152,"Rent Affordability",0.240485552071633,0.216881206871465,0.215525206079985,0.213743983475532,0.220379546729496,41.6763545,-86.2519898,"Top 300"
395109,"Spartanburg, SC",153,"Rent Affordability",0.240899012861346,0.255831216954682,0.253753893702357,0.252164017398545,0.251740297923782,34.9495672,-81.9320482,"Top 300"
394579,"Evansville, IN",154,"Rent Affordability",0.241139926035871,0.224875251856023,0.223687957349105,0.221398532241961,0.221809028684858,37.9715592,-87.5710898,"Top 300"
394747,"Kingsport, TN",155,"Rent Affordability",0.298753259740231,0.263634900435328,0.255530749360318,0.253129541537,0.262686481423922,36.548434,-82.5618186,"Top 300"
395028,"Roanoke, VA",156,"Rent Affordability",0.317001298090001,0.247249470851153,0.246337702225605,0.244579935750552,0.249873754871536,37.2709704,-79.9414266,"Top 300"
394796,"Lincoln, NE",158,"Rent Affordability",0.21993377417258,0.250433898303504,0.24938269789958,0.247770938133112,0.24751613050051,40.813616,-96.7025955,"Top 300"
394602,"Fort Collins, CO",159,"Rent Affordability",0.247473404223695,0.291618488081175,0.293521750839742,0.291539059627003,0.289920106219846,40.5852602,-105.084423,"Top 300"
394488,"Columbus, GA",161,"Rent Affordability",0.27943502752892,0.2440904189115,0.242551446075413,0.241302276127682,0.24356350242369,32.4609764,-84.9877094,"Top 300"
394405,"Boulder, CO",162,"Rent Affordability",0.250517985970708,0.317143761715606,0.318330772534813,0.316241731346027,0.318681819099199,40.0149856,-105.2705456,"Top 300"
394808,"Lubbock, TX",163,"Rent Affordability",0.292233630355438,0.285402128970032,0.286365868151954,0.284571663927725,0.284536292640137,33.5778631,-101.8551665,"Top 300"
394572,"Erie, PA",164,"Rent Affordability",0.320186579008453,0.218793050646103,0.216959589327839,0.214927954290992,0.214517143903728,42.1292241,-80.085059,"Top 300"
394609,"Fort Smith, AR",165,"Rent Affordability",0.239002696715212,0.250295775602789,0.24871767843143,0.247159356162921,0.246199050581705,35.3859242,-94.3985475,"Top 300"
394543,"Duluth, MN",166,"Rent Affordability",0.358678359065846,0.243399199880518,0.248098093696682,0.247588766020176,0.238793824065642,46.7866719,-92.1004852,"Top 300"
394348,"Atlantic City, NJ",167,"Rent Affordability",0.32035564694464,0.275364263864035,0.270255202338185,0.267268445358708,0.266902590469602,39.3642834,-74.4229266,"Top 300"
395061,"San Luis Obispo, CA",169,"Rent Affordability",0.419648852558185,0.400764422084568,0.3940245605341,0.39059273017967,0.390232348274785,35.2827524,-120.6596156,"Top 300"
394622,"Gainesville, FL",170,"Rent Affordability",0.304029579486249,0.342178546851988,0.345911265206137,0.344542150833591,0.349271266066865,29.6516344,-82.3248262,"Top 300"
395065,"Santa Cruz, CA",171,"Rent Affordability",0.328479220254779,0.439027325082104,0.435242112266163,0.431516684262376,0.439146467739799,36.9741171,-122.0307963,"Top 300"
394471,"Clarksville, TN",172,"Rent Affordability",0.21768785283141,0.211341747563804,0.207461112205704,0.204473162981113,0.208861948482941,36.5297706,-87.3594528,"Top 300"
394447,"Cedar Rapids, IA",173,"Rent Affordability",0.238163823998478,0.206073782181116,0.207508046974357,0.204550058731639,0.200007007584339,41.9778795,-91.6656232,"Top 300"
394851,"Merced, CA",174,"Rent Affordability",0.394700875479356,0.312764042003419,0.31368940580036,0.311938152813607,0.319338294193922,37.3021632,-120.4829677,"Top 300"
395229,"Wilmington, NC",175,"Rent Affordability",0.224529212728964,0.303652363308355,0.300614484111748,0.297837938952003,0.306189803082667,34.2103894,-77.8868117,"Top 300"
394741,"Kennewick, WA",176,"Rent Affordability",0.284629740340932,0.267943140895922,0.265441384738648,0.26316214775145,0.264913206521296,46.2086683,-119.119948,"Top 300"
394645,"Greeley, CO",177,"Rent Affordability",0.300954815573573,0.280239748373143,0.280224926362862,0.278350161194029,0.283551619618494,40.4233142,-104.7091322,"Top 300"
395197,"Waco, TX",178,"Rent Affordability",0.314215463150388,0.294981185083583,0.295433437334779,0.29434828810969,0.301141337369835,31.549333,-97.1466695,"Top 300"
394811,"Lynchburg, VA",179,"Rent Affordability",0.35015209125572,0.2420572850133,0.240312267311285,0.238806608526156,0.244884535047003,37.4137536,-79.1422464,"Top 300"
394937,"Olympia, WA",180,"Rent Affordability",0.234337227415425,0.261075433879647,0.26284853007351,0.261091178799836,0.26567954807457,47.0378741,-122.9006951,"Top 300"
394323,"Amarillo, TX",181,"Rent Affordability",0.295379799344597,0.258510362125639,0.259938573430848,0.258309947472387,0.254544446192759,35.2219971,-101.8312969,"Top 300"
394387,"Binghamton, NY",182,"Rent Affordability",0.41260220522567,0.279400460822826,0.279379544287762,0.278438517486892,0.271122900094379,42.0986867,-75.9179738,"Top 300"
394660,"Hagerstown, WV",183,"Rent Affordability",0.340602606542821,0.233539643645299,0.231678144599651,0.230226582273509,0.231674621145145,39.6417629,-77.7199932,"Top 300"
394412,"Bremerton, WA",184,"Rent Affordability",0.216222512340119,0.277908229194532,0.27458311563851,0.273361122712848,0.277635875279703,47.5650067,-122.6269768,"Top 300"
395240,"Yakima, WA",186,"Rent Affordability",0.342536776271857,0.2916966295783,0.28712374992213,0.284360024325122,0.286317188738572,46.6020711,-120.5058987,"Top 300"
753875,"Crestview-Fort Walton Beach-Destin, FL",187,"Rent Affordability",0.251723828695687,0.293640733762347,0.287086230558489,0.283924364430664,0.290865068466344,30.7611484,-86.6611083,"Top 300"
395161,"Topeka, KS",188,"Rent Affordability",0.188658834653503,0.189836776231464,0.186606176996832,0.183829914058326,0.192222174046614,39.0473451,-95.6751576,"Top 300"
394813,"Macon-Bibb County, GA",189,"Rent Affordability",0.28719030287572,0.285072450830057,0.281004346981976,0.278679606215644,0.27862628008215,32.8406946,-83.6324022,"Top 300"
394454,"Champaign-Urbana, IL",190,"Rent Affordability",0.339144710503126,0.260721602839096,0.26090013969847,0.259471587707518,0.258518690119325,40.1164204,-88.2433829,"Top 300"
395171,"Tuscaloosa, AL",191,"Rent Affordability",0.231077530424094,0.275432776511646,0.279582131946458,0.278955250278623,0.276994795904822,33.2098407,-87.5691735,"Top 300"
395103,"Sioux Falls, SD",193,"Rent Affordability",0.196234654456785,0.214661627804457,0.21130400640686,0.208707265056377,0.209683799414365,43.5473028,-96.728333,"Top 300"
394455,"Charleston, WV",194,"Rent Affordability",0.252755724081947,0.249178340367272,0.255659558092294,0.254057741988811,0.243671877456809,38.3498195,-81.6326234,"Top 300"
394464,"Chico, CA",196,"Rent Affordability",0.506662956327541,0.339659373600957,0.342161455911357,0.3411026569686,0.342855467388976,39.7284944,-121.8374777,"Top 300"
394459,"Charlottesville, VA",197,"Rent Affordability",0.228252052727167,0.256165553537744,0.254902036847791,0.253479660018437,0.262317712577942,38.0293059,-78.4766781,"Top 300"
394361,"Barnstable Town, MA",199,"Rent Affordability",0.28581142439129,0.302196944341907,0.29509451983972,0.291185474141723,0.295848721225457,41.7003208,-70.3002024,"Top 300"
394803,"Longview, TX",200,"Rent Affordability",0.328177073683494,0.290655780882598,0.288579894728763,0.28628822371184,0.287389177851089,32.5007037,-94.7404891,"Top 300"
395002,"Prescott, AZ",202,"Rent Affordability",0.292673803632954,0.359498514143047,0.36321518339891,0.362444567303164,0.360067227834086,34.5400242,-112.4685025,"Top 300"
395114,"Springfield, IL",203,"Rent Affordability",0.312786112870564,0.178937013053581,0.177820784525842,0.176348658848771,0.184316662577272,39.7817213,-89.6501481,"Top 300"
395174,"Tyler, TX",204,"Rent Affordability",0.274448654989323,0.26663693285364,0.261944944410987,0.258807749133238,0.261231589371369,32.3512601,-95.3010624,"Top 300"
394773,"Las Cruces, NM",205,"Rent Affordability",0.306953796972912,0.31723462351005,0.323956212875603,0.323612236462504,0.324215224089224,32.3199396,-106.7636538,"Top 300"
394691,"Houma, LA",207,"Rent Affordability",0.32560683019578,0.291343813496749,0.288496416020654,0.286688863005905,0.28814703249466,29.5957696,-90.7195348,"Top 300"
395030,"Rochester, MN",208,"Rent Affordability",0.246499078891279,0.213880728633475,0.212647200693352,0.210625755593441,0.215673116385481,44.0121221,-92.4801989,"Top 300"
394597,"Florence, SC",209,"Rent Affordability",0.24986392267551,0.281056341187007,0.274906803946033,0.272894390977064,0.2812822014119,34.1954331,-79.7625625,"Top 300"
394848,"Medford, OR",210,"Rent Affordability",0.259420730325674,0.347954243712151,0.342496518708272,0.337791688809658,0.339334309837499,42.3265152,-122.8755949,"Top 300"
753895,"Lafayette-West Lafayette, IN",211,"Rent Affordability",0.239309104925652,0.254056403744345,0.247472453002562,0.24501132362561,0.25102716059594,40.4258686,-86.9080655,"Top 300"
394378,"Bellingham, WA",212,"Rent Affordability",0.310203800722831,0.30140022854761,0.292570947549463,0.287633678327513,0.309208193988496,48.7519112,-122.4786854,"Top 300"
394765,"Lake Havasu City, AZ",213,"Rent Affordability",0.326302465855035,0.336213186100997,0.342995018757254,0.342218211495638,0.338441556905664,34.483901,-114.3224548,"Top 300"
395047,"Saginaw, MI",214,"Rent Affordability",0.241106703613836,0.198327243818453,0.201303775856011,0.199847829247231,0.211230155744012,43.4194699,-83.9508068,"Top 300"
394726,"Johnson City, TN",216,"Rent Affordability",0.283489532375649,0.274882174618287,0.272562905153911,0.270855182376224,0.279009302644522,36.3134397,-82.3534727,"Top 300"
394565,"Elkhart, IN",217,"Rent Affordability",0.219086083673568,0.212705312094278,0.199609646966462,0.198360233634726,0.211402274754433,41.6819935,-85.9766671,"Top 300"
395247,"Yuma, AZ",218,"Rent Affordability",0.274402375527982,0.223681612332152,0.221654272347165,0.21990383456738,0.22012453159044,32.6926512,-114.6276916,"Top 300"
394346,"Athens, GA",220,"Rent Affordability",0.334529938025166,0.299214581726357,0.29732805494054,0.29546516794357,0.306114969935399,33.9519347,-83.357567,"Top 300"
395118,"St. Cloud, MN",222,"Rent Affordability",0.328572489790828,0.240839238732183,0.241701691396822,0.240695879183804,0.241362728963684,45.5579451,-94.1632404,"Top 300"
394960,"Panama City, FL",226,"Rent Affordability",0.286824083002489,0.292612427873876,0.291446361895237,0.289620326212202,0.300330813747597,30.1588129,-85.6602058,"Top 300"
394748,"Kingston, NY",227,"Rent Affordability",0.264657712269478,0.309976229656907,0.307744372782834,0.303373589517983,0.308066880156713,41.9270367,-73.9973608,"Top 300"
394623,"Gainesville, GA",229,"Rent Affordability",0.221944427242924,0.24512597693665,0.24320802777097,0.242609509984604,0.248087297033942,34.2978794,-83.8240663,"Top 300"
395202,"Warner Robins, GA",230,"Rent Affordability",0.214207689346084,0.215246601328287,0.214105755162604,0.21276429134632,0.215924613544654,32.6130007,-83.624201,"Top 300"
394392,"Blacksburg, VA",231,"Rent Affordability",0.379432855430246,0.258765819272027,0.257811582425475,0.255747602967063,0.258391132435468,37.2295733,-80.4139393,"Top 300"
394716,"Jacksonville, NC",232,"Rent Affordability",0.202563177545627,0.207620558903247,0.207950777581477,0.206880588896792,0.20883014108127,34.7540524,-77.4302414,"Top 300"
395018,"Redding, CA",233,"Rent Affordability",0.425152919854783,0.292701323764977,0.294544682340124,0.292654439765263,0.301820201041426,40.5865396,-122.3916754,"Top 300"
394729,"Joplin, MO",235,"Rent Affordability",0.263395837033787,0.191355231679102,0.189247016304022,0.187641946360406,0.185121415694739,37.0842271,-94.513281,"Top 300"
395151,"Terre Haute, IN",237,"Rent Affordability",0.241988081864283,0.202510340347964,0.201034996610766,0.199580993970643,0.199741555320987,39.4667034,-87.4139092,"Top 300"
394896,"Muskegon, MI",238,"Rent Affordability",0.273786580566212,0.204654309799027,0.204347282239038,0.20522006855686,0.222183992234545,43.2341813,-86.2483921,"Top 300"
395102,"Sioux City, IA",240,"Rent Affordability",0.244199259316393,0.213162488997403,0.212221719453402,0.21088939136196,0.209576197234039,42.4963416,-96.4049408,"Top 300"
394651,"Greenville, NC",241,"Rent Affordability",0.257021691491429,0.25839374282197,0.252165819789787,0.250839779862801,0.259622477471728,35.612661,-77.3663538,"Top 300"
395210,"Waterloo, IA",242,"Rent Affordability",0.255106833201213,0.236770543053086,0.230083029142476,0.224388011779479,0.231447711730516,42.492786,-92.3425775,"Top 300"
395246,"Yuba City, CA",244,"Rent Affordability",0.479171532257825,0.282328898897573,0.280472459063216,0.278257525043066,0.283195669680465,39.1404477,-121.6169108,"Top 300"
394299,"Abilene, TX",245,"Rent Affordability",0.262768910593467,0.229832306748418,0.228611385376817,0.226952312017946,0.233425199175328,32.4487364,-99.7331439,"Top 300"
394485,"Columbia, MO",246,"Rent Affordability",0.222053138686447,0.260062933716584,0.256560493728961,0.251284510158755,0.252875951490979,38.9517053,-92.3340724,"Top 300"
394539,"Dover, DE",247,"Rent Affordability",0.246584114998624,0.25670207939579,0.254472368269911,0.252877990416691,0.254321523129936,39.158168,-75.5243682,"Top 300"
394555,"Eau Claire, WI",248,"Rent Affordability",0.219635031250914,0.231705984927575,0.222483233175263,0.216510646030269,0.223413918844873,44.811349,-91.4984941,"Top 300"
394720,"Janesville, WI",249,"Rent Affordability",0.170492225825098,0.181421806075203,0.168514711702616,0.165413835736227,0.178759336239458,42.6827885,-89.0187222,"Top 300"
394710,"Jackson, MI",250,"Rent Affordability",0.287468957110661,0.228707432977079,0.236018933352305,0.237361010314084,0.23309511914068,42.245869,-84.4013462,"Top 300"
394393,"Bloomington, IN",252,"Rent Affordability",0.303440213892293,0.285358279927339,0.283279366078175,0.281230524069996,0.283402765737856,39.165325,-86.5263857,"Top 300"
395007,"Pueblo, CO",253,"Rent Affordability",0.35908456996653,0.31048544125584,0.298507368454456,0.296150009989159,0.299444170840091,38.2544472,-104.6091409,"Top 300"
394386,"Billings, MT",254,"Rent Affordability",0.250432142090588,0.256140579879781,0.251662320778789,0.248666524770747,0.250920166026237,45.7832856,-108.5006904,"Top 300"
394406,"Bowling Green, KY",255,"Rent Affordability",0.267873240238013,0.264483852574882,0.251029691681082,0.248958468312118,0.265734893958056,36.9685219,-86.4808043,"Top 300"
394380,"Bend, OR",256,"Rent Affordability",0.211072844078954,0.293154087805596,0.290299704250158,0.287145897528244,0.29344120175326,44.0581728,-121.3153096,"Top 300"
394306,"Albany, GA",257,"Rent Affordability",0.300528380728002,0.251431017137338,0.245307965382627,0.242975235996153,0.246734475496471,31.5785074,-84.155741,"Top 300"
395193,"Vineland, NJ",258,"Rent Affordability",0.359620688856059,0.278664346095853,0.282099899666104,0.282176752554114,0.275266975267088,39.4863773,-75.0259637,"Top 300"
395125,"State College, PA",262,"Rent Affordability",0.271229840154708,0.307035175794066,0.304249938551534,0.301089888601432,0.311763852549719,40.7933949,-77.8600012,"Top 300"
394314,"Alexandria, LA",264,"Rent Affordability",0.32826478261219,0.320357526033282,0.322449066916149,0.320720615567113,0.323653887432186,31.3112936,-92.4451371,"Top 300"
394523,"Decatur, AL",265,"Rent Affordability",0.233516382661914,0.208170847245944,0.209098687854147,0.208035962824292,0.204528200093037,34.6059253,-86.9833417,"Top 300"
394662,"Hanford, CA",266,"Rent Affordability",0.412719809084849,0.230503767582205,0.22986617383403,0.228446807084951,0.233138385160117,36.3274502,-119.6456844,"Top 300"
394707,"Iowa City, IA",267,"Rent Affordability",0.224374685642981,0.272777575688641,0.27499157593089,0.273002676066905,0.264642728599519,41.6611277,-91.5301683,"Top 300"
394873,"Monroe, MI",269,"Rent Affordability",0.220217388969559,0.205914724098723,0.207190334158984,0.205691812518702,0.222584373597512,41.9164343,-83.3977101,"Top 300"
395223,"Wichita Falls, TX",270,"Rent Affordability",0.284370921184538,0.236901268483858,0.235407622733005,0.233932693636709,0.232217249475551,33.9137085,-98.4933873,"Top 300"
394428,"Burlington, NC",271,"Rent Affordability",0.232710334333252,0.253491479992869,0.245711805072805,0.242636640939453,0.258421834016668,36.0956918,-79.4377991,"Top 300"
394814,"Madera, CA",272,"Rent Affordability",0.402661420919901,0.285917708411595,0.288194637087063,0.291338979934657,0.294434049188065,36.9613356,-120.0607176,"Top 300"
394723,"Jefferson City, MO",273,"Rent Affordability",0.252819280103695,0.211532386931195,0.208865959707534,0.206014659573701,0.207641083096535,38.5767017,-92.1735164,"Top 300"
394563,"Elizabethtown, KY",276,"Rent Affordability",0.229969348849506,0.230681787183324,0.225436630083124,0.221586719590311,0.224831376297338,37.7030646,-85.8649408,"Top 300"
394598,"Florence, AL",279,"Rent Affordability",0.243828478358415,0.223858392072667,0.220665368761709,0.217006514064691,0.220933619017395,34.79981,-87.677251,"Top 300"
394639,"Grand Junction, CO",280,"Rent Affordability",0.318422830402578,0.267930030427332,0.265797303417266,0.263698261351712,0.275379254292603,39.0638705,-108.5506486,"Top 300"
394537,"Dothan, AL",282,"Rent Affordability",0.243020507029312,0.231874297039509,0.230412345988248,0.228712597299704,0.230597329434311,31.2232313,-85.3904888,"Top 300"
395066,"Santa Fe, NM",283,"Rent Affordability",0.294835608092752,0.350512147951819,0.347920991730357,0.345173406304387,0.359700015532659,35.6869752,-105.937799,"Top 300"
394727,"Johnstown, PA",284,"Rent Affordability",0.366418024833436,0.173496424114422,0.170292110610392,0.16639710311383,0.16330411885163,40.3267407,-78.9219698,"Top 300"
394515,"Dalton, GA",287,"Rent Affordability",0.256095886375529,0.314820983461174,0.314865579726976,0.310587893231754,0.31294885916989,34.7698021,-84.9702228,"Top 300"
394351,"Auburn, AL",290,"Rent Affordability",0.258854655078426,0.270685784888157,0.270073430923252,0.267293861249916,0.261523018916438,32.6098566,-85.4807825,"Top 300"
395182,"Valdosta, GA",291,"Rent Affordability",0.315167966747367,0.275460858046179,0.274590312305206,0.272296028099601,0.282006315490107,30.8327022,-83.2784851,"Top 300"
394480,"Coeur d'Alene, ID",292,"Rent Affordability",0.235502832276988,0.280507656070816,0.278673771276834,0.276473041769965,0.281179195450377,47.6734632,-116.7812225,"Top 300"
395117,"Springfield, OH",293,"Rent Affordability",0.202850086991147,0.203670951056638,0.202187151950014,0.200219848157623,0.20429690250992,39.9242266,-83.8088171,"Top 300"
395119,"St. George, UT",294,"Rent Affordability",0.232107441001092,0.310474775232332,0.304349478196623,0.299173880737145,0.308677573192215,37.0965278,-113.5684164,"Top 300"
395013,"Rapid City, SD",302,"Rent Affordability",0.203861157908676,0.264119545431946,0.260749051515617,0.257017069635864,0.263317458393101,44.0805434,-103.2310149,"Top 300"
394783,"Lebanon, PA",307,"Rent Affordability",0.282970295749307,0.234450677440337,0.232078851079906,0.229544559500101,0.235861821363077,40.3666686,-76.5025742,"Top 300"
394703,"Idaho Falls, ID",308,"Rent Affordability",0.18569256198205,0.241733819831446,0.237854645357799,0.235545263860784,0.243107557715191,43.5427278,-111.8431068,"Top 300"
394780,"Lawton, OK",311,"Rent Affordability",0.190509796705028,0.163318123215573,0.164124775114081,0.163324570383513,0.165481256960386,34.6035669,-98.3959291,"Top 300"
394588,"Farmington, NM",312,"Rent Affordability",0.270238916720597,0.291000691771359,0.288160393966304,0.285624851920589,0.285191914212134,36.7280583,-108.2186856,"Top 300"
394712,"Jackson, TN",313,"Rent Affordability",0.229714934500657,0.243977699981109,0.242981201936792,0.240651266552883,0.242897995147547,35.6145169,-88.8139469,"Top 300"
394879,"Morgantown, WV",314,"Rent Affordability",0.288922411897062,0.258779105152328,0.268059685371109,0.267794585205258,0.268469853839424,39.629526,-79.9558968,"Top 300"
395232,"Winchester, VA",316,"Rent Affordability",0.315860177766599,0.243785176281996,0.242788056941916,0.241266886279474,0.242786155305318,39.1856597,-78.1633341,"Top 300"
395120,"St. Joseph, MO",317,"Rent Affordability",0.26603218046694,0.188211723054037,0.182326280400769,0.180260653724751,0.187123567191244,39.7674578,-94.846681,"Top 300"
394321,"Altoona, PA",318,"Rent Affordability",0.332658038758696,0.206902882860099,0.210521296162486,0.209782813216319,0.211813843034463,40.5186809,-78.3947359,"Top 300"
394800,"Logan, ID",322,"Rent Affordability",0.313858638091291,0.260232526984854,0.254587908586896,0.250583356814208,0.2409261570502,41.7369803,-111.8338359,"Top 300"
394668,"Harrisonburg, VA",323,"Rent Affordability",0.329827406811342,0.278255459386702,0.27127511298656,0.269103347639499,0.28361421787634,38.4495688,-78.8689155,"Top 300"
394635,"Goldsboro, NC",327,"Rent Affordability",0.276860803757792,0.2384926727948,0.235933363092344,0.23393063186541,0.248632595119194,35.3848841,-77.9927651,"Top 300"
394728,"Jonesboro, AR",330,"Rent Affordability",0.244689444079342,0.231269565666061,0.233321785255753,0.232557597613156,0.229722939892212,35.8422967,-90.704279,"Top 300"
394333,"Anniston, AL",332,"Rent Affordability",0.22474197274728,0.185567533981179,0.185386270573894,0.185944177537904,0.187959758475848,33.6598257,-85.8316318,"Top 300"
394890,"Mount Vernon, WA",335,"Rent Affordability",0.267543344141877,0.290930903986617,0.292107105286534,0.292398619647024,0.291654377680422,48.4201105,-122.3374543,"Top 300"
395225,"Williamsport, PA",338,"Rent Affordability",0.359489422484514,0.228680540620504,0.226070047047408,0.22327347204034,0.236225870187401,41.2411897,-77.0010786,"Top 300"
394474,"Cleveland, TN",339,"Rent Affordability",0.234567408511384,0.253344171458617,0.245540077878548,0.242521371418783,0.243463126512964,35.1595182,-84.8766115,"Top 300"
395089,"Sheboygan, WI",340,"Rent Affordability",0.187242880902606,0.220095565089788,0.216689698444219,0.214327194686925,0.215156885768129,43.7508284,-87.71453,"Top 300"
394390,"Bismarck, ND",341,"Rent Affordability",0.242557042346481,0.233676025255045,0.231795463748047,0.229765226339589,0.243920122195923,46.8083268,-100.7837392,"Top 300"
394949,"Owensboro, KY",342,"Rent Affordability",0.234918643935882,0.233641356847858,0.229966458095739,0.227066946043545,0.236041874651669,37.7719074,-87.1111676,"Top 300"
394880,"Morristown, TN",345,"Rent Affordability",0.282677507463052,0.258961460183075,0.257849108134158,0.25649213418553,0.26363143194515,36.2139814,-83.2948922,"Top 300"
394734,"Kankakee, IL",346,"Rent Affordability",0.352004785471739,0.224948753740175,0.215200367301892,0.211091181847298,0.216593749254154,41.1200325,-87.8611531,"Top 300"
394423,"Brunswick, GA",347,"Rent Affordability",0.320091733563006,0.325607142196411,0.329008765951157,0.325469100705895,0.329808611237053,31.1499528,-81.4914894,"Top 300"
394857,"Michigan City, IN",350,"Rent Affordability",0.278840802386277,0.227917105592335,0.21927343610693,0.217225340832164,0.211306324965493,41.7075394,-86.8950297,"Top 300"
395218,"Wenatchee, WA",352,"Rent Affordability",0.37397019251236,0.304651567816954,0.302226536825446,0.299839807517182,0.30617774212377,47.4234599,-120.3103494,"Top 300"
394778,"Lawrence, KS",353,"Rent Affordability",0.25062034364697,0.279388632173075,0.276087718929525,0.271787606319147,0.272538512299382,38.9716689,-95.2352501,"Top 300"
394524,"Decatur, IL",354,"Rent Affordability",0.351333848203983,0.214630833943487,0.209731063974564,0.207330967282041,0.209349624426637,39.8403147,-88.9548001,"Top 300"
394867,"Missoula, MT",355,"Rent Affordability",0.24991442996964,0.291864646369095,0.287228432581446,0.286420409891707,0.290385466854526,46.8721284,-113.9940314,"Top 300"
394369,"Bay City, MI",357,"Rent Affordability",0.308710427337621,0.230761599055916,0.225103346177736,0.223475267160843,0.21533727826574,43.5944677,-83.8888647,"Top 300"
394788,"Lewiston, ME",358,"Rent Affordability",0.252848857138486,0.299216327544147,0.299891449657892,0.298127601705922,0.309635399697461,44.100351,-70.2147764,"Top 300"
395139,"Sumter, SC",360,"Rent Affordability",0.241381425832438,0.213478150969881,0.215206565831006,0.213858204966677,0.214550698201807,33.9204354,-80.3414693,"Top 300"
394794,"Lima, OH",365,"Rent Affordability",0.206505660049058,0.192091182476032,0.192959185670046,0.192013800223406,0.198904061578196,40.742551,-84.1052256,"Top 300"
394620,"Gadsden, AL",368,"Rent Affordability",0.244233536698436,0.241721612568713,0.241620546304383,0.240106690593723,0.245356893361509,34.014264,-86.0066386,"Top 300"
394804,"Longview, WA",370,"Rent Affordability",0.308664779567651,0.32531607628664,0.321040670510259,0.317071730561007,0.323832983354763,46.1381676,-122.9381672,"Top 300"
394980,"Pine Bluff, AR",376,"Rent Affordability",0.222944456144845,0.221215461666034,0.218935529735822,0.217270592647561,0.217666097820794,34.2284312,-92.0031955,"Top 300"
394637,"Grand Forks, ND",385,"Rent Affordability",0.271132147595587,0.28963629354963,0.290960826658323,0.289830648503136,0.287749476046009,47.9252568,-97.0328547,"Top 300"
394580,"Fairbanks, AK",387,"Rent Affordability",0.233508758715542,0.254309102875784,0.24969648146483,0.247422486900714,0.250579376831454,64.8377778,-147.7163888,"Top 300"
394823,"Mankato, MN",389,"Rent Affordability",0.307017259864067,0.245325846584295,0.238033810912061,0.235181530777371,0.245279669376573,44.1635775,-93.9993996,"Top 300"
395038,"Rome, GA",390,"Rent Affordability",0.272629260044445,0.243520008717215,0.234574332027834,0.227772165137396,0.256130736350802,34.257038,-85.1646726,"Top 300"
394441,"Cape Girardeau, MO",391,"Rent Affordability",0.217715578225366,0.221089967447521,0.219969175073446,0.218378229383916,0.219465935138351,37.3058839,-89.5181476,"Top 300"
394542,"Dubuque, IA",398,"Rent Affordability",0.25397709521465,0.22156372066904,0.218806972638685,0.215901046228713,0.208532108678064,42.5005583,-90.6645718,"Top 300"
394821,"Manhattan, KS",401,"Rent Affordability",0.240007275320212,0.289611306865335,0.287037322328446,0.282657652235917,0.27628248391042,39.1836082,-96.5716694,"Top 300"
394964,"Parkersburg, WV",402,"Rent Affordability",0.238053105359002,0.230281008534687,0.228829103054816,0.227664180066798,0.233458761137853,39.2667418,-81.5615135,"Top 300"
394325,"Ames, IA",410,"Rent Affordability",0.246397311103472,0.242869217683875,0.243943006972689,0.241425976458996,0.231845865031883,42.0307812,-93.6319131,"Top 300"
394988,"Pocatello, ID",430,"Rent Affordability",0.211716371713785,0.21289932495236,0.209207960621839,0.206675406855433,0.203745785513997,42.8621042,-112.4506191,"Top 300"
394755,"Kokomo, IN",431,"Rent Affordability",0.203046801214575,0.19831581680169,0.193550315135474,0.191444010624495,0.189367955384648,40.486427,-86.1336033,"Top 300"
394644,"Great Falls, MT",439,"Rent Affordability",0.280849859724858,0.292285735914773,0.288488507523289,0.286453438842097,0.291688180936941,47.5052849,-111.3007715,"Top 300"
394682,"Hinesville, GA",448,"Rent Affordability",0.243295324984016,0.242494453615752,0.246157748860763,0.242739220459857,0.238430980962136,31.846877,-81.5959453,"Top 300"
394489,"Columbus, IN",456,"Rent Affordability",0.191263036733156,0.231399918183966,0.224596712448392,0.2231604599794,0.221371211664931,39.2014404,-85.9213796,"Top 300"
394445,"Casper, WY",459,"Rent Affordability",0.16391292903354,0.20818571297777,0.195033455981934,0.189881879788273,0.205743709721536,42.8500769,-106.3251749,"Top 300"
394787,"Lewiston, ID",525,"Rent Affordability",0.300040422703812,0.27040354434265,0.273340477591593,0.271392247510043,0.269683280462278,46.4004089,-117.001189,"Top 300"
394444,"Carson City, NV",552,"Rent Affordability",0.281372222045905,0.319538861721296,0.316995327649838,0.314491966935615,0.333216287272413,39.1637984,-119.7674034,"Top 300"
